"fecha","close","adjusted"
2021-10-01,67.1999969482422,57.7672538757324
2021-10-04,67.7600021362305,58.2486457824707
2021-10-05,68.3199996948242,58.7300415039062
2021-10-06,68,58.4549560546875
2021-10-07,69.5,59.7444114685059
2021-10-08,70.1900024414062,60.3375473022461
2021-10-11,71.3600006103516,61.3433227539062
2021-10-12,70.620002746582,60.7071914672852
2021-10-13,70.4800033569336,60.586856842041
2021-10-14,71.7399978637695,61.6699829101562
2021-10-15,71.2399978637695,61.2401657104492
2021-10-18,71.4199981689453,61.3949089050293
2021-10-19,71.8199996948242,61.7387466430664
2021-10-20,71.8000030517578,61.7215690612793
2021-10-21,69.9100036621094,60.0968627929688
2021-10-22,70.0800018310547,60.242992401123
2021-10-25,70.5899963378906,60.681396484375
2021-10-26,70.2399978637695,60.3805389404297
2021-10-27,69.8199996948242,60.0194969177246
2021-10-28,70.1500015258789,60.303165435791
2021-10-29,69.9100036621094,60.0968627929688
2021-11-01,71.5500030517578,61.5066604614258
2021-11-02,67.7399978637695,58.2314376831055
2021-11-03,68.2200012207031,58.6440811157227
2021-11-04,67.1500015258789,57.7242698669434
2021-11-05,66.9599990844727,57.5609359741211
2021-11-08,68.9700012207031,59.2888069152832
2021-11-09,68.5100021362305,58.8933753967285
2021-11-10,67.6800003051758,58.1798667907715
2021-11-11,68.3000030517578,58.7128486633301
2021-11-12,68.3099975585938,58.7214393615723
2021-11-15,68.9199981689453,59.2458152770996
2021-11-16,67.7300033569336,58.2228698730469
2021-11-17,67.5899963378906,58.1025085449219
2021-11-18,69.0699996948242,59.3747711181641
2021-11-19,67.879997253418,58.3518028259277
2021-11-22,69.5500030517578,59.7873878479004
2021-11-23,69.5599975585938,59.7960014343262
2021-11-24,69.6900024414062,59.9077415466309
2021-11-26,67.6800003051758,58.1798667907715
2021-11-29,68.4300003051758,58.8245964050293
2021-11-30,66.120002746582,56.8388481140137
2021-12-01,65.9300003051758,56.6755180358887
2021-12-02,67.379997253418,57.9219779968262
2021-12-03,67.5299987792969,58.0509223937988
2021-12-06,68.75,59.0996894836426
2021-12-07,70.2300033569336,60.3719444274902
2021-12-08,70.6500015258789,60.7329864501953
2021-12-09,69.4199981689453,59.6756401062012
2021-12-10,70.3199996948242,60.4492950439453
2021-12-13,69.3600006103516,59.6240501403809
2021-12-14,69.3000030517578,59.5724754333496
2021-12-15,70.9400024414062,60.9822807312012
2021-12-16,71.4000015258789,61.3777160644531
2021-12-17,70.8399963378906,60.8963203430176
2021-12-20,69.629997253418,59.8561668395996
2021-12-21,72.1999969482422,62.0654067993164
2021-12-22,74.2200012207031,63.8018569946289
2021-12-23,74.9899978637695,64.4637832641602
2021-12-27,76.1900024414062,65.4953536987305
2021-12-28,76.5400009155273,65.7962341308594
2021-12-29,76.0500030517578,65.375
2021-12-30,74.629997253418,64.5447311401367
2021-12-31,75.1999969482422,65.0376968383789
2022-01-03,76.120002746582,65.833381652832
2022-01-04,71.7699966430664,62.0712013244629
2022-01-05,69.9400024414062,60.4885139465332
2022-01-06,69.25,59.8917617797852
2022-01-07,69.129997253418,59.7879791259766
2022-01-10,68.5999984741211,59.3296051025391
2022-01-11,70.0100021362305,60.5490608215332
2022-01-12,72.3000030517578,62.5295906066895
2022-01-13,71.0299987792969,61.431209564209
2022-01-14,71.9800033569336,62.2528457641602
2022-01-18,74.1900024414062,64.1641845703125
2022-01-19,73.8199996948242,63.844181060791
2022-01-20,71.9899978637695,62.2614822387695
2022-01-21,70.8199996948242,61.2495956420898
2022-01-24,69.629997253418,60.2204132080078
2022-01-25,69.6600036621094,60.2463722229004
2022-01-26,70.0299987792969,60.5663642883301
2022-01-27,69.3000030517578,59.9349975585938
2022-01-28,68.5800018310547,59.3123092651367
2022-01-31,69.8000030517578,60.3674392700195
2022-02-01,73.1100006103516,63.2301292419434
2022-02-02,73.8099975585938,63.8355255126953
2022-02-03,72.0800018310547,62.3393402099609
2022-02-04,72.4100036621094,62.6247291564941
2022-02-07,72.5999984741211,62.7890510559082
2022-02-08,74.3000030517578,64.2593383789062
2022-02-09,75.1699981689453,65.0117492675781
2022-02-10,75.8499984741211,65.599853515625
2022-02-11,76.2799987792969,65.9717559814453
2022-02-14,73.3899993896484,63.4723052978516
2022-02-15,74.4100036621094,64.3544616699219
2022-02-16,75.0599975585938,64.9166107177734
2022-02-17,77.1699981689453,66.7414703369141
2022-02-18,75.7799987792969,65.5393295288086
2022-02-22,75.7399978637695,65.5047149658203
2022-02-23,75.1100006103516,64.9598617553711
2022-02-24,77.4800033569336,67.0095748901367
2022-02-25,81.2200012207031,70.2441787719727
2022-02-28,85.9899978637695,74.3695678710938
2022-03-01,84.9300003051758,73.4528274536133
2022-03-02,88,76.1079559326172
2022-03-03,89.6800003051758,77.5609130859375
2022-03-04,94.9899978637695,82.1533355712891
2022-03-07,99.3899993896484,85.9587249755859
2022-03-08,94.8099975585938,81.9976425170898
2022-03-09,95.0299987792969,82.1879425048828
2022-03-10,101.900001525879,88.1295471191406
2022-03-11,101.400001525879,87.6971130371094
2022-03-14,99.0599975585938,85.67333984375
2022-03-15,97.4300003051758,84.2636184692383
2022-03-16,93.8199996948242,81.1414489746094
2022-03-17,98.2399978637695,84.9641418457031
2022-03-18,99.6500015258789,86.18359375
2022-03-21,105.220001220703,91.0009002685547
2022-03-22,104.559997558594,90.4300765991211
2022-03-23,105.5,91.2430572509766
2022-03-24,106.839996337891,92.4019622802734
2022-03-25,108.430000305176,93.7770919799805
2022-03-28,106.690002441406,92.2722473144531
2022-03-29,101.330001831055,87.6365737915039
2022-03-30,102.059997558594,88.6880416870117
2022-03-31,103.98999786377,90.3651580810547
2022-04-01,103.769996643066,90.1739883422852
2022-04-04,102.800003051758,89.3310775756836
2022-04-05,101.199996948242,87.9407043457031
2022-04-06,101.180000305176,87.9233245849609
2022-04-07,104.349998474121,90.6780090332031
2022-04-08,106.019996643066,92.1292037963867
2022-04-11,107.76000213623,93.641227722168
2022-04-12,108.860000610352,94.5970993041992
2022-04-13,109.75,95.3704833984375
2022-04-14,112,97.3256912231445
2022-04-18,114.5,99.4981536865234
2022-04-19,113.339996337891,98.490119934082
2022-04-20,113.120002746582,98.2989501953125
2022-04-21,107.910003662109,93.7715606689453
2022-04-22,103.809997558594,90.2087554931641
2022-04-25,99.5800018310547,86.5329666137695
2022-04-26,98.9400024414062,85.9768218994141
2022-04-27,101.089996337891,87.8451232910156
2022-04-28,101.300003051758,88.0276184082031
2022-04-29,98.25,85.3772277832031
2022-05-02,99.2099990844727,86.2114486694336
2022-05-03,105.620002746582,91.7816009521484
2022-05-04,107.309997558594,93.2501907348633
2022-05-05,103.519996643066,89.9567260742188
2022-05-06,103.790000915527,90.1913681030273
2022-05-09,92.870002746582,80.7021179199219
2022-05-10,94.2900009155273,81.9360656738281
2022-05-11,97.0299987792969,84.3170547485352
2022-05-12,95.4100036621094,82.9093246459961
2022-05-13,98.9499969482422,85.9855041503906
2022-05-16,101.360000610352,88.0797576904297
2022-05-17,104.150001525879,90.5042037963867
2022-05-18,101.449996948242,88.1579513549805
2022-05-19,101.360000610352,88.0797576904297
2022-05-20,97.0199966430664,84.3083724975586
2022-05-23,101.480003356934,88.1840286254883
2022-05-24,99.3199996948242,86.3070297241211
2022-05-25,98.2900009155273,85.4120025634766
2022-05-26,95.8399963378906,83.2829895019531
2022-05-27,95.5699996948242,83.0483551025391
2022-05-31,97.1900024414062,84.4561004638672
2022-06-01,94.4300003051758,82.0577239990234
2022-06-02,95.879997253418,83.317741394043
2022-06-03,93.5,81.2495727539062
2022-06-06,92.25,80.1633605957031
2022-06-07,89.5199966430664,77.7910232543945
2022-06-08,88.3000030517578,76.7308959960938
2022-06-09,89.2399978637695,77.5477066040039
2022-06-10,86.4599990844727,75.131950378418
2022-06-13,84.2699966430664,73.2288970947266
2022-06-14,87.2200012207031,75.7923889160156
2022-06-15,87.9800033569336,76.4528121948242
2022-06-16,85.2300033569336,74.0631256103516
2022-06-17,83.0400009155273,72.1600494384766
2022-06-21,86.2900009155273,74.9842376708984
2022-06-22,86.2799987792969,74.9755401611328
2022-06-23,78.9499969482422,68.6059188842773
2022-06-24,80.1900024414062,69.683464050293
2022-06-27,83.6800003051758,72.7161865234375
2022-06-28,84.620002746582,73.5330429077148
2022-06-29,82.2600021362305,71.8900375366211
2022-06-30,79.6900024414062,69.6439971923828
2022-07-01,79.2200012207031,69.2332611083984
2022-07-05,74.6699981689453,65.2568511962891
2022-07-06,74.120002746582,64.7761917114258
2022-07-07,76.9700012207031,67.2668991088867
2022-07-08,76.2600021362305,66.6464233398438
2022-07-11,75.7399978637695,66.1919784545898
2022-07-12,74.4199981689453,65.0383682250977
2022-07-13,75.5999984741211,66.0696182250977
2022-07-14,71.9000015258789,62.8360443115234
2022-07-15,73.25,64.015869140625
2022-07-18,74.9100036621094,65.4666137695312
2022-07-19,78.4499969482422,68.5603408813477
2022-07-20,79.9100036621094,69.8362884521484
2022-07-21,79.2699966430664,69.2769622802734
2022-07-22,78.3199996948242,68.4467315673828
2022-07-25,82.0800018310547,71.7327270507812
2022-07-26,82.5100021362305,72.1085205078125
2022-07-27,83.5100021362305,72.9824523925781
2022-07-28,83.4100036621094,72.8950500488281
2022-07-29,85.6600036621094,74.8614273071289
2022-08-01,83.6600036621094,73.1135482788086
2022-08-02,82.1699981689453,71.8113708496094
2022-08-03,81.8899993896484,71.5666656494141
2022-08-04,82.4599990844727,72.0648193359375
2022-08-05,83.8000030517578,73.2359085083008
2022-08-08,85.5299987792969,74.747802734375
2022-08-09,88.3399963378906,77.2035675048828
2022-08-10,90.370002746582,78.9776763916016
2022-08-11,90.5199966430664,79.108757019043
2022-08-12,92.379997253418,80.7342681884766
2022-08-15,89.3899993896484,78.121208190918
2022-08-16,91.4499969482422,79.9215087890625
2022-08-17,91.6399993896484,80.0875625610352
2022-08-18,91.9000015258789,80.3147811889648
2022-08-19,90.3300018310547,78.9426956176758
2022-08-22,91.5800018310547,80.0351181030273
2022-08-23,96.3399963378906,84.1950607299805
2022-08-24,98.4800033569336,86.0652923583984
2022-08-25,101.690002441406,88.8706359863281
2022-08-26,100.410003662109,87.7519989013672
2022-08-29,99.0199966430664,86.537223815918
2022-08-30,94.0400009155273,82.1850051879883
2022-08-31,91.7699966430664,80.201171875
2022-09-01,89.7600021362305,78.4445648193359
2022-09-02,91.9700012207031,80.3759765625
2022-09-06,90.6600036621094,79.2311019897461
2022-09-07,90.2799987792969,78.8990097045898
2022-09-08,91.1600036621094,79.6680755615234
2022-09-09,95.0599975585938,83.0764312744141
2022-09-12,90.9199981689453,79.4583206176758
2022-09-13,89.5999984741211,78.3047256469727
2022-09-14,91.7799987792969,80.2099075317383
2022-09-15,88.8499984741211,77.6492691040039
2022-09-16,86.0599975585938,75.2109909057617
2022-09-19,89.7699966430664,78.4533004760742
2022-09-20,89.9100036621094,78.5756683349609
2022-09-21,88.6800003051758,77.5007095336914
2022-09-22,88.1699981689453,77.0550155639648
2022-09-23,82.9400024414062,72.4843139648438
2022-09-26,81.75,71.4443283081055
2022-09-27,84.6399993896484,73.9700088500977
2022-09-28,87.0500030517578,76.5100936889648
2022-09-29,83.5800018310547,73.4602355957031
2022-09-30,83.379997253418,73.2844390869141
2022-10-03,84.7099990844727,74.4534072875977
2022-10-04,88.1900024414062,77.5120544433594
2022-10-05,84.129997253418,73.9436340332031
2022-10-06,85.4800033569336,75.1301879882812
2022-10-07,83.7399978637695,73.6008529663086
2022-10-10,85.0800018310547,74.7786102294922
2022-10-11,82.5100021362305,72.5197906494141
2022-10-12,82.75,72.730712890625
2022-10-13,86.5800018310547,76.0969772338867
2022-10-14,77.9199981689453,68.4855422973633
2022-10-17,79.7300033569336,70.0763778686523
2022-10-18,81.9000015258789,71.9836349487305
2022-10-19,81.6999969482422,71.807861328125
2022-10-20,82.5899963378906,72.590087890625
2022-10-21,82.879997253418,72.8449859619141
2022-10-24,79.0199966430664,69.4523544311523
2022-10-25,83.2099990844727,73.1350173950195
2022-10-26,82.0699996948242,72.133056640625
2022-10-27,83.4000015258789,73.3020172119141
2022-10-28,82.3600006103516,72.3879318237305
2022-10-31,84.5,74.2688293457031
2022-11-01,85.7799987792969,75.3938598632812
2022-11-02,82.9800033569336,72.9328994750977
2022-11-03,71.3099975585938,62.6758613586426
2022-11-04,73.2900009155273,64.416130065918
2022-11-07,73.1600036621094,64.3018646240234
2022-11-08,77.7600021362305,68.3449096679688
2022-11-09,74.4800033569336,65.4620590209961
2022-11-10,79.1800003051758,69.5929794311523
2022-11-11,76.6800003051758,67.3956680297852
2022-11-14,77.7900009155273,68.3712768554688
2022-11-15,79.5199966430664,69.8918151855469
2022-11-16,77.7300033569336,68.3185424804688
2022-11-17,78.9400024414062,69.3820419311523
2022-11-18,77.8000030517578,68.3800582885742
2022-11-21,76.7900009155273,67.4923477172852
2022-11-22,80.9300003051758,71.1310882568359
2022-11-23,80.0500030517578,70.3576354980469
2022-11-25,82.3600006103516,72.3879318237305
2022-11-28,80.1999969482422,70.4894790649414
2022-11-29,81.6399993896484,71.755126953125
2022-11-30,80.4000015258789,70.6652603149414
2022-12-01,78.5599975585938,69.0480422973633
2022-12-02,79.4400024414062,69.8215026855469
2022-12-05,78.5999984741211,69.0832061767578
2022-12-06,77.4199981689453,68.0460739135742
2022-12-07,76.25,67.0177383422852
2022-12-08,76.379997253418,67.1319885253906
2022-12-09,76.8399963378906,67.5363082885742
2022-12-12,77.5800018310547,68.1867065429688
2022-12-13,77.0500030517578,67.7208709716797
2022-12-14,76.0599975585938,66.8507308959961
2022-12-15,74.8000030517578,65.7433090209961
2022-12-16,73.6999969482422,64.7764892578125
2022-12-19,72.8899993896484,64.064567565918
2022-12-20,73.3300018310547,64.4512786865234
2022-12-21,74.129997253418,65.154426574707
2022-12-22,72.9700012207031,64.1348648071289
2022-12-23,74.0500030517578,65.0841217041016
2022-12-27,74.4000015258789,65.3917388916016
2022-12-28,73.129997253418,64.2755126953125
2022-12-29,73.370002746582,64.9125061035156
2022-12-30,73.0299987792969,64.611701965332
2023-01-03,71.620002746582,63.3642349243164
2023-01-04,71.9800033569336,63.6827392578125
2023-01-05,74.5199966430664,65.9299392700195
2023-01-06,77.3300018310547,68.4160308837891
2023-01-09,76.870002746582,68.0090484619141
2023-01-10,74.3199996948242,65.7529983520508
2023-01-11,74.0899963378906,65.5495071411133
2023-01-12,76.2600021362305,67.469367980957
2023-01-13,75.1699981689453,66.5050201416016
2023-01-17,76.2699966430664,67.4782333374023
2023-01-18,77.3499984741211,68.4337310791016
2023-01-19,76.2300033569336,67.4428253173828
2023-01-20,78.8199996948242,69.7342910766602
2023-01-23,79.0999984741211,69.9819946289062
2023-01-24,78.7099990844727,69.6369400024414
2023-01-25,79.2300033569336,70.0970153808594
2023-01-26,81.7300033569336,72.3088302612305
2023-01-27,80.8099975585938,71.4948883056641
2023-01-30,79.6699981689453,70.4862899780273
2023-01-31,82.7900009155273,73.2466506958008
2023-02-01,83.6500015258789,74.0075149536133
2023-02-02,84.5,74.7595520019531
2023-02-03,82.9599990844727,73.3970489501953
2023-02-06,82.7399978637695,73.2024154663086
2023-02-07,81.1999969482422,71.8399353027344
2023-02-08,78.1699981689453,69.1591873168945
2023-02-09,78.5599975585938,69.5042495727539
2023-02-10,80.0599975585938,70.8313369750977
2023-02-13,78.629997253418,69.5661773681641
2023-02-14,76.9700012207031,68.0975341796875
2023-02-15,77.0500030517578,68.1683044433594
2023-02-16,77.9199981689453,68.9380264282227
2023-02-17,74.7099990844727,66.0980453491211
2023-02-21,75.0899963378906,66.4342422485352
2023-02-22,77.5899963378906,68.6460647583008
2023-02-23,77.7099990844727,68.7522125244141
2023-02-24,76.870002746582,68.0090484619141
2023-02-27,77.75,68.7876205444336
2023-02-28,77.7799987792969,68.8141555786133
2023-03-01,78.5800018310547,69.5219345092773
2023-03-02,82.5500030517578,73.034309387207
2023-03-03,82.8099975585938,73.2643280029297
2023-03-06,81.1699981689453,71.8133850097656
2023-03-07,79.5899963378906,70.4155120849609
2023-03-08,81.3199996948242,71.9461059570312
2023-03-09,78.7900009155273,69.7077255249023
2023-03-10,75.7699966430664,67.0358505249023
2023-03-13,74.0699996948242,65.5318145751953
2023-03-14,76.1100006103516,67.336669921875
2023-03-15,72.9800033569336,64.5674667358398
2023-03-16,72.6800003051758,64.3020401000977
2023-03-17,72.7099990844727,64.3285827636719
2023-03-20,73.8300018310547,65.3194885253906
2023-03-21,75.2200012207031,66.5492630004883
2023-03-22,74.370002746582,65.7972412109375
2023-03-23,73.2300033569336,64.7886581420898
2023-03-24,71.7699966430664,63.4969444274902
2023-03-27,72.5100021362305,64.1516494750977
2023-03-28,72.1500015258789,63.8331527709961
2023-03-29,72.7099990844727,64.3285827636719
2023-03-30,72.6800003051758,64.7741928100586
2023-03-31,73.8499984741211,65.8169250488281
2023-04-03,74.1399993896484,66.0753860473633
2023-04-04,73.0400009155273,65.0950469970703
2023-04-05,71.4300003051758,63.6601715087891
2023-04-06,68.0100021362305,60.6121864318848
2023-04-10,71.1900024414062,63.4462814331055
2023-04-11,73.3000030517578,65.3267669677734
2023-04-12,72.2099990844727,64.3553161621094
2023-04-13,72.9499969482422,65.0148239135742
2023-04-14,72.9300003051758,64.9970169067383
2023-04-17,74.879997253418,66.7348937988281
2023-04-18,73.9100036621094,65.8703994750977
2023-04-19,73.1500015258789,65.1930770874023
2023-04-20,72.0999984741211,64.2572860717773
2023-04-21,70.620002746582,62.9382705688477
2023-04-24,71.2300033569336,63.48193359375
2023-04-25,69.4800033569336,61.922290802002
2023-04-26,69.0699996948242,61.5568809509277
2023-04-27,69,61.4944915771484
2023-04-28,69.4000015258789,61.8509941101074
2023-05-01,69.8499984741211,62.2520294189453
2023-05-02,68.7699966430664,61.2895202636719
2023-05-03,67.0500030517578,59.7566070556641
2023-05-04,63.2599983215332,56.3788642883301
2023-05-05,65.0400009155273,57.9652442932129
2023-05-08,64.5,57.4839859008789
2023-05-09,63.8400001525879,56.8957748413086
2023-05-10,63.3600006103516,56.4679870605469
2023-05-11,61.7400016784668,55.0242118835449
2023-05-12,59.8899993896484,53.3754386901855
2023-05-15,62.2200012207031,55.4519920349121
2023-05-16,62.060001373291,55.3093948364258
2023-05-17,61.0999984741211,54.4538230895996
2023-05-18,61.4599990844727,54.7746620178223
2023-05-19,61.9500007629395,55.2113647460938
2023-05-22,60.9599990844727,54.3290519714355
2023-05-23,60.2599983215332,53.7051887512207
2023-05-24,57.6800003051758,51.4058380126953
2023-05-25,56.3699989318848,50.2383232116699
2023-05-26,55.8899993896484,49.8105316162109
2023-05-30,54.4300003051758,48.5093574523926
2023-05-31,52.7000007629395,46.967529296875
2023-06-01,53.4300003051758,47.6181335449219
2023-06-02,54.7900009155273,48.830192565918
2023-06-05,55.3499984741211,49.329273223877
2023-06-06,57.2200012207031,50.9958648681641
2023-06-07,59.3400001525879,52.8852615356445
2023-06-08,58.939998626709,52.5287742614746
2023-06-09,58.7900009155273,52.395092010498
2023-06-12,59.6100006103516,53.1259002685547
2023-06-13,60.4199981689453,53.847785949707
2023-06-14,58.5099983215332,52.1455459594727
2023-06-15,59.6300010681152,53.1437187194824
2023-06-16,60.0699996948242,53.5358581542969
2023-06-20,58.6699981689453,52.2881393432617
2023-06-21,60.5999984741211,54.0082130432129
2023-06-22,59.7000007629395,53.2061042785645
2023-06-23,58.7599983215332,52.3683547973633
2023-06-26,59.6500015258789,53.1615447998047
2023-06-27,59.0999984741211,52.6713638305664
2023-06-28,59.2700004577637,52.8228759765625
2023-06-29,59,53.0566902160645
2023-06-30,59.0499992370605,53.1016464233398
2023-07-03,60.060001373291,54.0099143981934
2023-07-05,59.8199996948242,53.7940826416016
2023-07-06,58.9199981689453,52.9847412109375
2023-07-07,60.8899993896484,54.7562980651855
2023-07-10,59.3600006103516,53.3804244995117
2023-07-11,60.25,54.180778503418
2023-07-12,59.3800010681152,53.3984069824219
2023-07-13,61.2000007629395,55.0350799560547
2023-07-14,60.5900001525879,54.486515045166
2023-07-17,60.6100006103516,54.5045051574707
2023-07-18,63.0400009155273,56.6897315979004
2023-07-19,64.4499969482422,57.9576873779297
2023-07-20,64.3000030517578,57.8227996826172
2023-07-21,64.2600021362305,57.7868309020996
2023-07-24,66.2200012207031,59.5493927001953
2023-07-25,66.8099975585938,60.0799560546875
2023-07-26,67.3300018310547,60.5475692749023
2023-07-27,67.25,60.4756393432617
2023-07-28,67.7399978637695,60.9162712097168
2023-07-31,68.8899993896484,61.9504356384277
2023-08-01,67.0599975585938,60.3047637939453
2023-08-02,67.379997253418,60.5925407409668
2023-08-03,64.5500030517578,58.0476188659668
2023-08-04,65.4700012207031,58.874942779541
2023-08-07,66.3499984741211,59.6662940979004
2023-08-08,66.3000030517578,59.6213340759277
2023-08-09,67.870002746582,61.0331764221191
2023-08-10,66.8899993896484,60.1519012451172
2023-08-11,66.4899978637695,59.7921829223633
2023-08-14,63.8300018310547,57.400146484375
2023-08-15,61.2999992370605,55.1249961853027
2023-08-16,61.2900009155273,55.1160087585449
2023-08-17,61.310001373291,55.1339912414551
2023-08-18,61.4700012207031,55.2778778076172
2023-08-21,61.7000007629395,55.4847145080566
2023-08-22,60.3600006103516,54.2796859741211
2023-08-23,60.3600006103516,54.2796859741211
2023-08-24,60.8499984741211,54.720329284668
2023-08-25,60.9599990844727,54.8192558288574
2023-08-28,62.3800010681152,56.0962104797363
2023-08-29,63.8899993896484,57.4541015625
2023-08-30,63.8600006103516,57.4271202087402
2023-08-31,63.3199996948242,56.9415168762207
2023-09-01,64.5899963378906,58.0835800170898
2023-09-05,64.1399993896484,57.6789093017578
2023-09-06,63.3199996948242,56.9415168762207
2023-09-07,62.4599990844727,56.1681518554688
2023-09-08,62.8800010681152,56.5458374023438
2023-09-11,62.7900009155273,56.4649085998535
2023-09-12,62.9799995422363,56.6357688903809
2023-09-13,62.9500007629395,56.6087875366211
2023-09-14,64.4000015258789,57.9127235412598
2023-09-15,64.0299987792969,57.5799903869629
2023-09-18,62.6500015258789,56.3390045166016
2023-09-19,62.8699989318848,56.5368461608887
2023-09-20,62.9300003051758,56.5908050537109
2023-09-21,62.25,55.979305267334
2023-09-22,61.9900016784668,55.7454948425293
2023-09-25,62.3699989318848,56.087215423584
2023-09-26,62.3199996948242,56.0422515869141
2023-09-27,62.5299987792969,56.2310981750488
2023-09-28,62.939998626709,57.0836372375488
2023-09-29,61.7599983215332,56.0134315490723
2023-10-02,59.9000015258789,54.3264961242676
2023-10-03,57.2099990844727,51.8867988586426
2023-10-04,58.1599998474121,52.7484016418457
2023-10-05,58.6699981689453,53.2109451293945
2023-10-06,58.7099990844727,53.2472267150879
2023-10-09,61.0299987792969,55.3513488769531
2023-10-10,61.939998626709,56.1766777038574
2023-10-11,60.7400016784668,55.0883369445801
2023-10-12,59.9000015258789,54.3264961242676
2023-10-13,60.4099998474121,54.7890434265137
2023-10-16,61.3600006103516,55.6506423950195
2023-10-17,62.3300018310547,56.5303955078125
2023-10-18,61.3499984741211,55.6415786743164
2023-10-19,60.8699989318848,55.206241607666
2023-10-20,59.4000015258789,53.8730201721191
2023-10-23,56.7900009155273,51.5058708190918
2023-10-24,56.7299995422363,51.4514541625977
2023-10-25,56.0699996948242,50.8528709411621
2023-10-26,56.1699981689453,50.9435615539551
2023-10-27,55.4900016784668,50.3268356323242
2023-10-30,56.0499992370605,50.8347244262695
2023-10-31,53.7000007629395,48.7033920288086
2023-11-01,54.1599998474121,49.1205863952637
2023-11-02,55.3899993896484,50.236141204834
2023-11-03,56.2200012207031,50.9889068603516
2023-11-06,53.8199996948242,48.8122177124023
2023-11-07,53.0699996948242,48.1320037841797
2023-11-08,53.2000007629395,48.2499122619629
2023-11-09,54.2900009155273,49.2384948730469
2023-11-10,53.5499992370605,48.5673446655273
2023-11-13,54.2999992370605,49.24755859375
2023-11-14,56.2999992370605,51.0614585876465
2023-11-15,58.25,52.8300247192383
2023-11-16,57.189998626709,51.86865234375
2023-11-17,56.5400009155273,51.2791328430176
2023-11-20,56.75,51.469596862793
2023-11-21,56.2799987792969,51.043327331543
2023-11-22,55.5099983215332,50.344970703125
2023-11-24,55.9900016784668,50.7803153991699
2023-11-27,55.1100006103516,49.9821929931641
2023-11-28,55.4099998474121,50.254280090332
2023-11-29,55.5099983215332,50.344970703125
2023-11-30,53.4700012207031,48.4947891235352
2023-12-01,55.6500015258789,50.4719390869141
2023-12-04,54.2700004577637,49.2203521728516
2023-12-05,53.3600006103516,48.3950233459473
2023-12-06,53.3899993896484,48.4222297668457
2023-12-07,54.2799987792969,49.2294158935547
2023-12-08,54.4199981689453,49.3563919067383
2023-12-11,54.5800018310547,49.5015106201172
2023-12-12,52.6100006103516,47.7148094177246
2023-12-13,55.2599983215332,50.118236541748
2023-12-14,55.4599990844727,50.2996253967285
2023-12-15,54.8899993896484,49.7826652526855
2023-12-18,54.939998626709,49.8280029296875
2023-12-19,56.9700012207031,51.6691246032715
2023-12-20,55.4799995422363,50.3177642822266
2023-12-21,56.6800003051758,51.4061088562012
2023-12-22,57.0699996948242,51.7598152160645
2023-12-26,57.3699989318848,52.0319061279297
2023-12-27,57.4900016784668,52.1407356262207
2023-12-28,56.5400009155273,51.7562713623047
2023-12-29,56.3300018310547,51.5640411376953
2024-01-02,57.0299987792969,52.2048149108887
2024-01-03,56.810001373291,52.0034370422363
2024-01-04,55.7900009155273,51.0697288513184
2024-01-05,56.1800003051758,51.4267311096191
2024-01-08,55.7400016784668,51.0239639282227
2024-01-09,53.25,48.7446327209473
2024-01-10,53.2900009155273,48.7812461853027
2024-01-11,52.8800010681152,48.4059448242188
2024-01-12,51.2299995422363,46.8955421447754
2024-01-16,49.439998626709,45.2569885253906
2024-01-17,48.9199981689453,44.7809829711914
2024-01-18,49.9900016784668,45.7604637145996
2024-01-19,51.4500007629395,47.0969276428223
2024-01-22,51.0499992370605,46.730770111084
2024-01-23,51.4799995422363,47.1243934631348
2024-01-24,51.1599998474121,46.8314628601074
2024-01-25,50.5200004577637,46.2456130981445
2024-01-26,50.8600006103516,46.5568466186523
2024-01-29,51.1800003051758,46.8497657775879
2024-01-30,51.1199989318848,46.794849395752
2024-01-31,49.8699989318848,45.6506042480469
2024-02-01,51.9900016784668,47.5912399291992
2024-02-02,50.9900016784668,46.6758460998535
2024-02-05,50.1199989318848,45.8794555664062
2024-02-06,50.4099998474121,46.1449241638184
2024-02-07,49.6800003051758,45.4766845703125
2024-02-08,49.0499992370605,44.8999824523926
2024-02-09,49.1100006103516,44.9549140930176
2024-02-12,50.060001373291,45.8245391845703
2024-02-13,48.810001373291,44.6802940368652
2024-02-14,48.8499984741211,44.716911315918
2024-02-15,50.4000015258789,46.1357727050781
2024-02-16,51.1199989318848,46.794849395752
2024-02-20,50.5699996948242,46.2913818359375
2024-02-21,50.439998626709,46.1723747253418
2024-02-22,54.1500015258789,49.5684928894043
2024-02-23,53.2400016784668,48.735481262207
2024-02-26,53.5699996948242,49.0375633239746
2024-02-27,53.1800003051758,48.6805534362793
2024-02-28,52.7599983215332,48.2960929870605
2024-02-29,52.2400016784668,47.8200912475586
2024-03-01,52.2400016784668,47.8200912475586
2024-03-04,50.9599990844727,46.648380279541
2024-03-05,50.8899993896484,46.5843048095703
2024-03-06,52.4599990844727,48.0214767456055
2024-03-07,53.7599983215332,49.2114868164062
2024-03-08,52.9000015258789,48.4242477416992
2024-03-11,53.2299995422363,48.7263298034668
2024-03-12,52.9799995422363,48.4974784851074
2024-03-13,53.6800003051758,49.1382484436035
2024-03-14,53.0900001525879,48.5981712341309
2024-03-15,53.7599983215332,49.2114868164062
2024-03-18,53.810001373291,49.2572555541992
2024-03-19,53.0699996948242,48.5798645019531
2024-03-20,53.6500015258789,49.1107940673828
2024-03-21,53.6199989318848,49.083324432373
2024-03-22,52.2299995422363,47.8109359741211
2024-03-25,52.5499992370605,48.1038627624512
2024-03-26,53.060001373291,48.5707054138184
2024-03-27,53.6300010681152,49.5972442626953
2024-03-28,54.310001373291,50.2261161804199
2024-04-01,54.8600006103516,50.734748840332
2024-04-02,54.5999984741211,50.4942970275879
2024-04-03,56.189998626709,51.9647369384766
2024-04-04,56.189998626709,51.9647369384766
2024-04-05,56.7599983215332,52.4918785095215
2024-04-08,55.7299995422363,51.5393333435059
2024-04-09,56.2400016784668,52.0109786987305
2024-04-10,55.4799995422363,51.3081245422363
2024-04-11,54.5900001525879,50.4850540161133
2024-04-12,52.9199981689453,48.9406356811523
2024-04-15,52.3600006103516,48.422737121582
2024-04-16,51.6699981689453,47.7846221923828
2024-04-17,51.810001373291,47.9141006469727
2024-04-18,52.6500015258789,48.6909294128418
2024-04-19,52.7799987792969,48.8111572265625
2024-04-22,52.2999992370605,48.3672523498535
2024-04-23,52.2700004577637,48.3395080566406
2024-04-24,52.2900009155273,48.3580017089844
2024-04-25,52.0499992370605,48.1360473632812
2024-04-26,52.5499992370605,48.5984535217285
2024-04-29,54.0800018310547,50.0134124755859
2024-04-30,52.7700004577637,48.8019104003906
2024-05-01,52.4700012207031,48.5244674682617
2024-05-02,52.6199989318848,48.6631889343262
2024-05-03,52.9300003051758,48.949878692627
2024-05-06,54.0099983215332,49.9486656188965
2024-05-07,55.2599983215332,51.1046714782715
2024-05-08,55.4300003051758,51.261890411377
2024-05-09,58.1699981689453,53.7958488464355
2024-05-10,58.1699981689453,53.7958488464355
2024-05-13,56.9599990844727,52.6768455505371
2024-05-14,57.5,53.1762351989746
2024-05-15,57.3400001525879,53.028263092041
2024-05-16,57.1699981689453,52.8710479736328
2024-05-17,57.7599983215332,53.4166793823242
2024-05-20,59.9700012207031,55.4605026245117
2024-05-21,59.5800018310547,55.0998229980469
2024-05-22,60.3300018310547,55.7934341430664
2024-05-23,59.2099990844727,54.7576446533203
2024-05-24,58.8600006103516,54.433967590332
2024-05-28,59.2999992370605,54.840877532959
2024-05-29,57.0400009155273,52.7508277893066
2024-05-30,57.310001373291,53.0005226135254
2024-05-31,58.6100006103516,54.2027702331543
2024-06-03,57.6699981689453,53.3334503173828
2024-06-04,57.2099990844727,52.9080390930176
2024-06-05,55.7400016784668,51.5485801696777
2024-06-06,55.8699989318848,51.6688003540039
2024-06-07,55.4099998474121,51.2433967590332
2024-06-10,55.1199989318848,50.9751968383789
2024-06-11,53.2000007629395,49.199577331543
2024-06-12,52.4199981689453,48.4782257080078
2024-06-13,51.2799987792969,47.4239540100098
2024-06-14,51.2200012207031,47.3684577941895
2024-06-17,50.7400016784668,46.9245567321777
2024-06-18,51.0099983215332,47.1742515563965
2024-06-20,51.939998626709,48.0343208312988
2024-06-21,51.5699996948242,47.6921463012695
2024-06-24,52.6500015258789,48.6909294128418
2024-06-25,52.1199989318848,48.2007865905762
2024-06-26,52.1500015258789,48.2285346984863
2024-06-27,51.9700012207031,48.062068939209
2024-06-28,50.9099998474121,47.5761184692383
2024-07-01,50.1699981689453,46.8845748901367
2024-07-02,49.9799995422363,46.7070198059082
2024-07-03,50.9000015258789,47.566780090332
2024-07-05,49.9300003051758,46.6602973937988
2024-07-08,49.0800018310547,45.8659629821777
2024-07-09,48.560001373291,45.3800163269043
2024-07-10,48.2900009155273,45.1276893615723
2024-07-11,49.6699981689453,46.4173202514648
2024-07-12,49.6800003051758,46.4266662597656
2024-07-15,50.0099983215332,46.7350578308105
2024-07-16,50.9099998474121,47.5761184692383
2024-07-17,52.2000007629395,48.7816429138184
2024-07-18,50.7999992370605,47.4733238220215
2024-07-19,50.5299987792969,47.2210006713867
2024-07-22,50.4300003051758,47.1275520324707
2024-07-23,49.5900001525879,46.3425598144531
2024-07-24,49.4500007629395,46.2117347717285
2024-07-25,50.75,47.4265975952148
2024-07-26,51.2200012207031,47.8658180236816
2024-07-29,50.3600006103516,47.062141418457
2024-07-30,50.75,47.4265975952148
2024-07-31,51.2000007629395,47.8471298217773
2024-08-01,49.8899993896484,46.622917175293
2024-08-02,47.9199981689453,44.7819213867188
2024-08-05,47.2400016784668,44.1464538574219
2024-08-06,47.1800003051758,44.0903816223145
2024-08-07,47.0800018310547,43.9969291687012
2024-08-08,46.0299987792969,43.0156936645508
2024-08-09,45.939998626709,42.931583404541
2024-08-12,46.1699981689453,43.1465148925781
2024-08-13,46.5,43.4549140930176
2024-08-14,45.8899993896484,42.8848571777344
2024-08-15,46.3400001525879,43.3053932189941
2024-08-16,46.7799987792969,43.7165756225586
2024-08-19,47.3400001525879,44.2399024963379
2024-08-20,46.7999992370605,43.7352676391602
2024-08-21,47.75,44.6230583190918
2024-08-22,47.1699981689453,44.0810356140137
2024-08-23,48.2400016784668,45.0809669494629
2024-08-26,48.5800018310547,45.3987045288086
2024-08-27,48.439998626709,45.2678680419922
2024-08-28,47.7900009155273,44.6604385375977
2024-08-29,48.2599983215332,45.0996513366699
2024-08-30,48.4199981689453,45.2491760253906
2024-09-03,46.439998626709,43.3988380432129
2024-09-04,46.9700012207031,43.8941345214844
2024-09-05,46.5099983215332,43.4642562866211
2024-09-06,46.3300018310547,43.2960472106934
2024-09-09,46.0900001525879,43.0717658996582
2024-09-10,45.25,42.2867698669434
2024-09-11,45.6599998474121,42.669921875
2024-09-12,46.1699981689453,43.1465148925781
2024-09-13,46.7400016784668,43.6791954040527
2024-09-16,46.5800018310547,43.5296745300293
2024-09-17,46.9000015258789,43.8287239074707
2024-09-18,46.8199996948242,43.7539596557617
2024-09-19,47.9000015258789,44.7632369995117
2024-09-20,47.060001373291,43.9782409667969
2024-09-23,47.4799995422363,44.370735168457
2024-09-24,47.689998626709,44.5669822692871
2024-09-25,47.189998626709,44.099723815918
2024-09-26,48.6599998474121,45.4734649658203
2024-09-27,48.25,45.5963134765625
2024-09-30,48.060001373291,45.4167671203613
2024-10-01,49.2999992370605,46.588565826416
2024-10-02,49.8300018310547,47.0894165039062
2024-10-03,49.939998626709,47.1933670043945
2024-10-04,49.8199996948242,47.0799674987793
2024-10-07,49.6100006103516,46.881519317627
2024-10-08,48.5699996948242,45.8987121582031
2024-10-09,49.0299987792969,46.3334197998047
2024-10-10,49.0299987792969,46.3334197998047
2024-10-11,49.0499992370605,46.3523101806641
2024-10-14,48.5400009155273,45.8703651428223
2024-10-15,47.9000015258789,45.265567779541
2024-10-16,48,45.3600654602051
2024-10-17,48.2999992370605,45.6435623168945
2024-10-18,47.6800003051758,45.0576629638672
2024-10-21,47.310001373291,44.7080154418945
2024-10-22,48.1199989318848,45.4734649658203
2024-10-23,47.7700004577637,45.1427154541016
2024-10-24,47.7999992370605,45.1710624694824
2024-10-25,47.8899993896484,45.2561149597168
2024-10-28,48.3499984741211,45.6908149719238
2024-10-29,47.6699981689453,45.048210144043
2024-10-30,47.9599990844727,45.322265625
2024-10-31,47.6800003051758,45.0576629638672
2024-11-01,48.3600006103516,45.7002639770508
2024-11-04,50.7799987792969,47.9871711730957
2024-11-05,50.6300010681152,47.8454170227051
2024-11-06,49.5099983215332,46.7870140075684
2024-11-07,48.939998626709,46.248363494873
2024-11-08,48.3199996948242,45.662467956543
2024-11-11,48.8300018310547,46.144416809082
2024-11-12,46.9900016784668,44.4056167602539
2024-11-13,46.810001373291,44.2355117797852
2024-11-14,46.3699989318848,43.8197135925293
2024-11-15,46.189998626709,43.6496124267578
2024-11-18,45.5999984741211,43.0920600891113
2024-11-19,45.560001373291,43.0542640686035
2024-11-20,45.8899993896484,43.3661117553711
2024-11-21,46.8699989318848,44.2922058105469
2024-11-22,46.9300003051758,44.3489189147949
2024-11-25,46.7999992370605,44.2260627746582
2024-11-26,45.9000015258789,43.375560760498
2024-11-27,46.0900001525879,43.5551109313965
2024-11-29,46.6599998474121,44.0937652587891
2024-12-02,47.7700004577637,45.1427154541016
2024-12-03,48.7799987792969,46.0971641540527
2024-12-04,48.0499992370605,45.4073143005371
2024-12-05,48.0800018310547,45.4356689453125
2024-12-06,47.9300003051758,45.2939109802246
2024-12-09,48.7799987792969,46.0971641540527
2024-12-10,48.5499992370605,45.8798141479492
2024-12-11,47.8800010681152,45.2466659545898
2024-12-12,47.9300003051758,45.2939109802246
2024-12-13,48.1800003051758,45.5301628112793
2024-12-16,46.8899993896484,44.311107635498
2024-12-17,46.3800010681152,43.8291625976562
2024-12-18,44.9199981689453,42.4494590759277
2024-12-19,44.0400009155273,41.6178588867188
2024-12-20,44.5800018310547,42.1281661987305
2024-12-23,44.4700012207031,42.0242080688477
2024-12-24,44.5,42.052562713623
2024-12-26,44.4199981689453,41.9769630432129
2024-12-27,44.310001373291,41.8730087280273
2024-12-30,44.1800003051758,41.7501602172852
2024-12-31,44.75,42.8120918273926
2025-01-02,45.2799987792969,43.3191375732422
2025-01-03,46.8300018310547,44.8020172119141
2025-01-06,48.439998626709,46.3422927856445
2025-01-07,48.2400016784668,46.1509552001953
2025-01-08,47.8300018310547,45.7587089538574
2025-01-10,48.4700012207031,46.3709945678711
2025-01-13,51.2000007629395,48.9827728271484
2025-01-14,51.689998626709,49.4515495300293
2025-01-15,52.0400009155273,49.7863922119141
2025-01-16,51.5,49.2697792053223
2025-01-17,51.6199989318848,49.3845863342285
2025-01-21,51.2900009155273,49.0688743591309
2025-01-22,52.5900001525879,50.3125801086426
2025-01-23,53.8400001525879,51.5084457397461
2025-01-24,52.7700004577637,50.4847793579102
2025-01-27,52.5400009155273,50.2647438049316
2025-01-28,52.4500007629395,50.1786422729492
2025-01-29,53.0900001525879,50.7909240722656
2025-01-30,52.3199996948242,50.054271697998
2025-01-31,51.6300010681152,49.3941497802734
2025-02-03,50.9599990844727,48.7531623840332
2025-02-04,52.8600006103516,50.5708847045898
2025-02-05,51.75,49.5089569091797
2025-02-06,50.5,48.3130874633789
2025-02-07,50.2799987792969,48.102611541748
2025-02-10,51.9799995422363,49.7289924621582
2025-02-11,51.75,49.5089569091797
2025-02-12,49.9300003051758,47.7677688598633
2025-02-13,50.7000007629395,48.5044212341309
2025-02-14,50.9000015258789,48.6957664489746
2025-02-18,51.6599998474121,49.4228515625
2025-02-19,52.4500007629395,50.1786422729492
2025-02-20,53.1500015258789,50.848331451416
2025-02-21,52.5900001525879,50.3125801086426
2025-02-24,52.2000007629395,49.9394683837891
2025-02-25,53.560001373291,51.2405700683594
2025-02-26,53.189998626709,50.8865928649902
2025-02-27,52.5299987792969,50.2551765441895
2025-02-28,52.3600006103516,50.0925331115723
2025-03-03,49.5999984741211,47.4520568847656
2025-03-04,48.4900016784668,46.3901290893555
2025-03-05,49.8699989318848,47.7103691101074
2025-03-06,51.1399993896484,48.9253730773926
2025-03-07,51.0800018310547,48.8679695129395
2025-03-10,50.5400009155273,48.3513526916504
2025-03-11,51.1800003051758,48.9636344909668
2025-03-12,50.7599983215332,48.5618171691895
2025-03-13,50.0699996948242,47.9017028808594
2025-03-14,50.7900009155273,48.5905303955078
2025-03-17,52.1500015258789,49.8916320800781
2025-03-18,52.0699996948242,49.8150939941406
2025-03-19,52.3499984741211,50.0829696655273
2025-03-20,52.4500007629395,50.1786422729492
2025-03-21,52.4799995422363,50.2073402404785
2025-03-24,52.5299987792969,50.2551765441895
2025-03-25,50.1399993896484,47.9686737060547
2025-03-26,50.5099983215332,48.3226509094238
2025-03-27,50.9000015258789,48.6957664489746
2025-03-28,50.0999984741211,47.9304046630859
2025-03-31,49.6699981689453,48.041633605957
2025-04-01,49.560001373291,47.935245513916
2025-04-02,49.9500007629395,48.3124580383301
2025-04-03,50.7099990844727,49.0475387573242
2025-04-04,47.4000015258789,45.8460578918457
2025-04-07,47.5299987792969,45.971794128418
2025-04-08,46.8800010681152,45.3431053161621
2025-04-09,48.4099998474121,46.8229446411133
2025-04-10,48.3199996948242,46.7358932495117
2025-04-11,51.1599998474121,49.4827880859375
2025-04-14,52.1199989318848,50.4113159179688
2025-04-15,52.2200012207031,50.5080413818359
2025-04-16,53.2700004577637,51.5236206054688
2025-04-17,52.5,50.7788581848145
2025-04-21,52.560001373291,50.8368949890137
2025-04-22,53.4700012207031,51.7170639038086
2025-04-23,53.0800018310547,51.33984375
2025-04-24,53.6800003051758,51.9201698303223
2025-04-25,54.0499992370605,52.2780418395996
2025-04-28,55.5699996948242,53.7482147216797
2025-04-29,56.810001373291,54.9475631713867
2025-04-30,57.0499992370605,55.1796951293945
2025-05-01,56.7400016784668,54.8798561096191
2025-05-02,56.8300018310547,54.9669075012207
2025-05-05,56.2000007629395,54.3575592041016
2025-05-06,56.4700012207031,54.6187133789062
2025-05-07,56.6199989318848,54.7637901306152
2025-05-08,54.75,52.9550933837891
2025-05-09,55.6300010681152,53.8062515258789
2025-05-12,56.2000007629395,54.3575592041016
2025-05-13,58.060001373291,56.1565818786621
2025-05-14,56.9799995422363,55.111988067627
2025-05-15,57.4599990844727,55.5762519836426
2025-05-16,57.9000015258789,56.0018310546875
2025-05-19,57.9799995422363,56.0792045593262
2025-05-20,58.6800003051758,56.7562599182129
2025-05-21,59.6800003051758,57.7234725952148
2025-05-22,58.8899993896484,56.9593696594238
2025-05-23,59.6699981689453,57.7137985229492
2025-05-27,59.7999992370605,57.8395385742188
2025-05-28,59.560001373291,57.6074104309082
2025-05-29,58.7799987792969,56.8529777526855
2025-05-30,59.0299987792969,57.094783782959
2025-06-02,60.2200012207031,58.2457733154297
2025-06-03,59.75,57.7911758422852
2025-06-04,60.2999992370605,58.3231468200684
2025-06-05,60.2900009155273,58.3134765625
2025-06-06,59.75,57.7911758422852
2025-06-09,60.4599990844727,58.4779014587402
2025-06-10,59.8400001525879,57.8782272338867
2025-06-11,60.2299995422363,58.255443572998
2025-06-12,60.439998626709,58.458553314209
2025-06-13,62.8899993896484,60.8282356262207
2025-06-16,62.8400001525879,60.7798805236816
2025-06-17,61.9700012207031,59.9384002685547
2025-06-18,62.3400001525879,60.2962684631348
2025-06-20,60.939998626709,58.9421653747559
2025-06-23,60.3300018310547,58.352165222168
2025-06-24,59.4199981689453,57.4719924926758
2025-06-25,58.6399993896484,56.7175636291504
2025-06-26,58.0499992370605,56.1469078063965
2025-06-27,58.1199989318848,56.2146148681641
2025-06-30,58.2400016784668,56.8639068603516
2025-07-01,58.5200004577637,57.1372871398926
2025-07-02,59.9900016784668,58.5725517272949
2025-07-03,60.1399993896484,58.7190093994141
2025-07-07,60.75,59.3145942687988
2025-07-08,61.3699989318848,59.9199447631836
2025-07-09,62.1100006103516,60.6424598693848
2025-07-10,60.7999992370605,59.3634147644043
2025-07-11,60.9900016784668,59.5489273071289
2025-07-14,60.9199981689453,59.4805717468262
2025-07-15,59.8800010681152,58.4651565551758
2025-07-16,58.4599990844727,57.0787010192871
2025-07-17,58.3199996948242,56.942008972168
2025-07-18,60.0099983215332,58.5920791625977
2025-07-21,59.2400016784668,57.8402709960938
2025-07-22,60.0299987792969,58.6116065979004
2025-07-23,60.6800003051758,59.2462501525879
2025-07-24,60.2900009155273,58.8654632568359
2025-07-25,60.0900001525879,58.6701927185059
2025-07-28,59.6100006103516,58.201530456543
2025-07-29,60.4300003051758,59.0021553039551
2025-07-30,59.3499984741211,57.9476737976074
2025-07-31,59.3199996948242,57.9183807373047
2025-08-01,58.560001373291,57.1763458251953
2025-08-04,59.060001373291,57.6645278930664
2025-08-05,59.1300010681152,57.7328758239746
2025-08-06,57.9500007629395,56.580753326416
2025-08-07,55.7099990844727,54.3936805725098
2025-08-08,55.689998626709,54.374153137207
2025-08-11,56.310001373291,54.9795036315918
2025-08-12,56.0499992370605,54.7256469726562
2025-08-13,56.8800010681152,55.5360412597656
2025-08-14,56.9099998474121,55.5653266906738
2025-08-15,57.1300010681152,55.7801322937012
2025-08-18,56.7000007629395,55.3602867126465
2025-08-19,56.7900009155273,55.4481620788574
2025-08-20,57.0400009155273,55.692253112793
2025-08-21,57.6100006103516,56.2487831115723
2025-08-22,57.9000015258789,56.5319366455078
2025-08-25,58.2700004577637,56.8931922912598
2025-08-26,58.5499992370605,57.166576385498
2025-08-27,58.1699981689453,56.7955551147461
2025-08-28,58.8199996948242,57.4301986694336
2025-08-29,57.6199989318848,56.2585487365723
2025-09-02,57.5999984741211,56.2390251159668
2025-09-03,56.7799987792969,55.4383964538574
2025-09-04,56.9799995422363,55.6336708068848
2025-09-05,56.4300003051758,55.0966682434082
2025-09-08,57.3199996948242,55.9656410217285
2025-09-09,56.4500007629395,55.1161956787109
2025-09-10,57.4099998474121,56.0535125732422
2025-09-11,57.1199989318848,55.7703628540039
2025-09-12,56.9500007629395,55.6043815612793
2025-09-15,57.0999984741211,55.7508354187012
2025-09-16,56.7099990844727,55.3700523376465
2025-09-17,56.4799995422363,55.1454887390137
2025-09-18,56.2299995422363,54.9013977050781
2025-09-19,56.6100006103516,55.2724189758301
2025-09-22,57,55.6531982421875
2025-09-23,56.3699989318848,55.0380821228027
2025-09-24,59.0299987792969,57.6352310180664
2025-09-25,58.1500015258789,56.7760276794434
2025-09-26,58.8199996948242,57.4301986694336
2025-09-29,57.75,56.3854789733887
2025-09-30,58.7099990844727,57.3227958679199
2025-10-01,56.6300010681152,55.2919425964355
2025-10-02,59.75,58.3382263183594
2025-10-03,59.3499984741211,57.9476737976074
2025-10-06,60.3699989318848,58.9435729980469
2025-10-07,60.6399993896484,59.2071914672852
2025-10-08,60.439998626709,59.0119209289551
2025-10-09,61.1100006103516,59.6660919189453
2025-10-10,59.8400001525879,58.426097869873
2025-10-13,60.0400009155273,58.6213684082031
2025-10-14,58.0200004577637,56.649097442627
2025-10-15,58.1300010681152,56.7565002441406
2025-10-16,56.4199981689453,55.0869026184082
2025-10-17,57.4199981689453,56.0632743835449
2025-10-20,57.5699996948242,56.2097358703613
2025-10-21,56.0099983215332,54.6865882873535
2025-10-22,56.8300018310547,55.4872169494629
2025-10-23,57.8300018310547,56.4635925292969
2025-10-24,58.1599998474121,56.7857933044434
2025-10-27,57.5099983215332,56.1511497497559
2025-10-28,57.0099983215332,55.6629638671875
2025-10-29,56.439998626709,55.1064338684082
2025-10-30,54.3199996948242,53.0365180969238
2025-10-31,54.4500007629395,53.1634521484375
2025-11-03,54.5299987792969,53.2415580749512
2025-11-04,53.6399993896484,52.3725929260254
2025-11-05,54,52.7240829467773
2025-11-06,55.5900001525879,54.2765159606934
2025-11-07,56.8800010681152,55.5360412597656
2025-11-10,58.939998626709,57.5473594665527
2025-11-11,59.3300018310547,57.928150177002
2025-11-12,60.1300010681152,58.7092475891113
2025-11-13,58.8699989318848,57.4790191650391
2025-11-14,59.3699989318848,57.9671974182129
2025-11-17,56.9900016784668,55.6434364318848
2025-11-18,57.3199996948242,55.9656410217285
2025-11-19,55.939998626709,54.6182479858398
2025-11-20,55.060001373291,53.7590408325195
2025-11-21,56.189998626709,54.8623390197754
2025-11-24,56.2299995422363,54.9013977050781
2025-11-25,56.8300018310547,55.4872169494629
2025-11-26,57.4000015258789,56.0437469482422
2025-11-28,58.1699981689453,56.7955551147461
2025-12-01,60.1699981689453,58.7482986450195
2025-12-02,59.2900009155273,57.8890914916992
2025-12-03,60.0699996948242,58.6506614685059
2025-12-04,60.0499992370605,58.6311340332031
2025-12-05,60.3400001525879,58.9142837524414
2025-12-08,59.1199989318848,57.7231101989746
2025-12-09,58.6599998474121,57.2739791870117
2025-12-10,59,57.6059455871582
2025-12-11,61,59.5586853027344
2025-12-12,62.8400001525879,61.3552131652832
2025-12-15,61.8499984741211,60.3886070251465
2025-12-16,61.8499984741211,60.3886070251465
2025-12-17,63.2999992370605,61.8043441772461
2025-12-18,61.6300010681152,60.1738014221191
2025-12-19,62.2799987792969,60.8084411621094
2025-12-22,62.6699981689453,61.1892280578613
2025-12-23,63.6100006103516,62.1070213317871
2025-12-24,63.5400009155273,62.0386695861816
2025-12-26,62.7700004577637,61.2868690490723
2025-12-29,62.689998626709,61.2087554931641
2025-12-30,62.4799995422363,61.003719329834
2025-12-31,61.7200012207031,60.2616806030273
2026-01-02,63.1599998474121,61.667652130127
2026-01-05,62.1100006103516,60.6424598693848
2026-01-06,60.5999984741211,59.1681365966797
2026-01-07,58.9900016784668,57.5961799621582
2026-01-08,59.7999992370605,58.3870429992676
2026-01-09,59.8199996948242,58.4065704345703
2026-01-12,59.3400001525879,57.9379081726074
2026-01-13,61.3300018310547,59.8808937072754
2026-01-14,66.1999969482422,64.6358184814453
2026-01-15,67.8300018310547,66.2273101806641
2026-01-16,66.379997253418,64.8115692138672
2026-01-20,67.2200012207031,65.6317291259766
2026-01-21,68.6800003051758,67.0572204589844
2026-01-22,68.0999984741211,66.4909286499023
2026-01-23,70.879997253418,69.2052383422852
2026-01-26,70.2300033569336,68.5706024169922
2026-01-27,70.3199996948242,68.6584777832031
2026-01-28,71.5999984741211,69.9082336425781
2026-01-29,71.129997253418,69.449333190918
2026-01-30,68.8899993896484,67.2622604370117
2026-02-02,68.6900024414062,67.0669937133789
2026-02-03,70.4100036621094,68.7463531494141
2026-02-04,71.5,69.8105926513672
2026-02-05,67.9800033569336,66.3737640380859
2026-02-06,68.6100006103516,66.9888763427734
2026-02-09,70.0800018310547,68.4241409301758
2026-02-10,71.1399993896484,69.4591064453125
2026-02-11,73.0699996948242,71.3434982299805
2026-02-12,70.4300003051758,68.7658767700195
2026-02-13,70.8099975585938,69.1368942260742
2026-02-17,69.8600006103516,68.2093505859375
2026-02-18,70.2799987792969,68.6194152832031
2026-02-19,71.7799987792969,70.0839767456055
2026-02-20,71.1999969482422,69.5176849365234
2026-02-23,71.9100036621094,70.2108993530273
2026-02-24,72.7600021362305,71.0408248901367
2026-02-25,72.5299987792969,70.8162536621094
2026-02-26,73.129997253418,71.4020843505859
2026-02-27,75.0699996948242,73.2962417602539
2026-03-02,75.7399978637695,73.9504089355469
2026-03-03,74.4199981689453,72.6615982055664
2026-03-04,73.5899963378906,71.8512115478516
2026-03-05,74.3899993896484,72.6323165893555
2026-03-06,76.2099990844727,74.4093017578125
2026-03-09,75.8099975585938,74.0187606811523
2026-03-10,76.0899963378906,74.2921371459961
2026-03-11,79.3099975585938,77.4360504150391
2026-03-12,83.9400024414062,81.9566650390625
2026-03-13,82.8499984741211,80.8924179077148
2026-03-16,77.7900009155273,75.9519729614258
2026-03-17,79.5500030517578,77.6703948974609
2026-03-18,77.879997253418,76.0398406982422
2026-03-19,76.0500030517578,74.2530822753906
2026-03-20,74.7300033569336,72.9642791748047
2026-03-23,72.8600006103516,71.1384658813477
2026-03-24,76.8199996948242,75.0048904418945
2026-03-25,76.620002746582,74.8096160888672
2026-03-26,73.6900024414062,71.9488525390625
2026-03-27,75.6500015258789,73.8625411987305
2026-03-30,76.5500030517578,74.7412719726562
2026-03-31,75.4599990844727,74.2102127075195
2026-04-01,74.5599975585938,73.3251190185547
2026-04-02,75.4700012207031,74.2200546264648
2026-04-06,75.8099975585938,74.5544204711914
2026-04-07,76.879997253418,75.6066970825195
2026-04-08,74.879997253418,73.6398239135742
2026-04-09,72.7799987792969,71.5746002197266
2026-04-10,73.75,72.5285415649414
2026-04-13,74.379997253418,73.1481018066406
2026-04-14,73.620002746582,72.4006958007812
2026-04-15,73.3499984741211,72.1351623535156
2026-04-16,74.5299987792969,73.2956161499023
2026-04-17,70.620002746582,69.4503784179688
2026-04-20,71.1699981689453,69.9912719726562
2026-04-21,72.6699981689453,71.466423034668
2026-04-22,71.5500030517578,70.3649749755859
2026-04-23,72.1900024414062,70.9943771362305
2026-04-24,71.5699996948242,70.3846435546875
2026-04-27,72.370002746582,71.1714019775391
2026-04-28,72.9100036621094,71.7024536132812
2026-04-29,74.129997253418,72.9022445678711
2026-04-30,76,74.7412719726562
2026-05-01,75.2200012207031,73.9741897583008
2026-05-04,75.8199996948242,74.5642471313477
2026-05-05,77.2399978637695,75.9607315063477
2026-05-06,73.8099975585938,72.5875473022461
2026-05-07,68.379997253418,67.2474746704102
2026-05-08,68.3300018310547,67.1983108520508
2026-05-11,71.2900009155273,70.1092758178711
2026-05-12,71.9800033569336,70.7878570556641
2026-05-13,71.2900009155273,70.1092758178711
2026-05-14,70.9400024414062,69.7650833129883
2026-05-15,71.5599975585938,70.3748092651367
2026-05-18,71.620002746582,70.4338226318359
2026-05-19,71.5899963378906,70.4043121337891
2026-05-20,70.1100006103516,68.9488220214844
2026-05-21,70.2399978637695,69.0766677856445
2026-05-22,70.129997253418,68.9684906005859
2026-05-26,69.9400024414062,68.7816390991211
2026-05-27,68.7300033569336,67.591682434082
2026-05-28,69.6500015258789,68.4964447021484
2026-05-29,68.5500030517578,67.414665222168
2026-06-01,69.5699996948242,68.4177703857422
2026-06-02,68.5,67.3654937744141
2026-06-03,68.8099975585938,67.6703491210938
2026-06-04,69,67.8572082519531
2026-06-05,67.1999969482422,66.0870208740234
2026-06-08,67.2799987792969,66.1656951904297
2026-06-09,66.3499984741211,65.2510986328125
2026-06-10,65.0299987792969,63.9529609680176
2026-06-11,65.5599975585938,64.4741821289062
2026-06-12,67.620002746582,66.5000686645508
2026-06-15,66.129997253418,65.0347366333008
2026-06-16,65.4800033569336,64.3955078125
2026-06-17,64.2799987792969,63.2153816223145
2026-06-18,62.8600006103516,61.8189010620117
2026-06-22,62.25,61.2190017700195
2026-06-23,61.5400009155273,60.5207595825195
2026-06-24,60.3699989318848,59.3701400756836
2026-06-25,60.9599990844727,59.950366973877
2026-06-26,60.9799995422363,59.9700355529785
2026-06-29,61.1800003051758,60.1667251586914
2026-06-30,62.9500007629395,62.4689979553223
2026-07-01,63.5699996948242,63.0842590332031
2026-07-02,65.0599975585938,64.562873840332
2026-07-06,64.5400009155273,64.0468521118164
2026-07-07,65.3199996948242,64.8208847045898
2026-07-08,66.7600021362305,66.249885559082
2026-07-09,64.5699996948242,64.0766220092773
2026-07-10,65.4300003051758,64.930046081543
2026-07-13,67.5999984741211,67.0834655761719
2026-07-14,68.6399993896484,68.1155166625977
2026-07-15,68.3300018310547,67.8078918457031
2026-07-16,67.0999984741211,66.587287902832
2026-07-17,67.2799987792969,66.7659149169922
2026-07-20,66.6600036621094,66.1506500244141
2026-07-21,66.8399963378906,66.3292694091797
2026-07-22,68.5,67.9765930175781
2026-07-23,68.5400009155273,68.0162887573242
2026-07-24,68.0999984741211,67.5796432495117
2026-07-27,67.4000015258789,66.8849945068359
2026-07-28,69.4599990844727,68.9292526245117
2026-07-29,70.5899963378906,70.0506134033203
2026-07-30,70.7200012207031,70.1796264648438
2026-07-31,69.0699996948242,68.542236328125
2026-08-03,65.9599990844727,65.4560012817383
2026-08-04,66.9199981689453,66.4086608886719
2026-08-05,66.9199981689453,66.4086608886719
2026-08-06,66.7600021362305,66.249885559082
2026-08-07,64.4199981689453,63.9277648925781
2026-08-10,66.3099975585938,65.8033218383789
2026-08-11,67.2799987792969,66.7659149169922
2026-08-12,67.1800003051758,66.6666793823242
2026-08-13,67.4700012207031,66.954460144043
2026-08-14,68.2399978637695,67.7185745239258
2026-08-17,68.2900009155273,67.768196105957
2026-08-18,69.4000015258789,68.8697128295898
2026-08-19,70.5,69.961311340332
2026-08-20,73.120002746582,72.5612945556641
2026-08-21,75.2699966430664,74.6948547363281
2026-08-24,74.2900009155273,73.7223510742188
2026-08-25,72.8399963378906,72.2834243774414
2026-08-26,73.6100006103516,73.0475463867188
2026-08-27,73.0599975585938,72.5017471313477
2026-08-28,73.5100021362305,72.9483108520508
2026-08-31,75.5299987792969,74.9528732299805
2026-09-01,77.6900024414062,77.0963745117188
2026-09-02,80.2900009155273,79.6765060424805
2026-09-03,80.7300033569336,80.1131439208984
2026-09-04,79.4700012207031,78.8627700805664
2026-09-08,80.6800003051758,80.0635223388672
2026-09-09,80.7200012207031,80.1032180786133
2026-09-10,78.7399978637695,78.1383438110352
2026-09-11,78.4499969482422,77.8505554199219
2026-09-14,77,76.4116439819336
2026-09-15,78.7200012207031,78.1184997558594
2026-09-16,77.6800003051758,77.0864486694336
2026-09-17,78.9199981689453,78.3169708251953
2026-09-18,77.0899963378906,76.5009536743164
2026-09-21,74.5400009155273,73.9704360961914
2026-09-22,75.4300003051758,74.8536376953125
2026-09-23,75.129997253418,74.5559310913086
2026-09-24,73.9599990844727,73.3948669433594
2026-09-25,72.2300033569336,71.678092956543
2026-09-28,71.9800033569336,71.4300003051758
2026-09-29,71.1800003051758,71.1800003051758
2026-09-30,70.25,70.25
2026-10-01,69.7350006103516,69.7350006103516
