"fecha","close","adjusted","plazo","precio_call","delta","dt","intereses","dividendos_modelo","compra_acciones","efectivo","valor_cartera","error_acumulado","error_incremental"
2026-09-03,80.7300033569336,80.1131439208984,0.29041095890411,11.162863308981,0.774509855739713,0,0,0,62.5261832538452,-51.3633199448643,11.162863308981,0,0
2026-09-04,79.4700012207031,78.8627700805664,0.287671232876712,10.1766997375471,0.747948578270988,0.00273972602739726,-0.00577965053694107,0,-2.11082475286302,-49.2582748425382,10.1811995856804,0.00449984813337778,0.00449984813337778
2026-09-08,80.6800003051758,80.0635223388672,0.276712328767123,10.9912894207763,0.776712179345729,0.010958904109589,-0.0221748649857932,0,2.32064734348806,-51.601097051012,11.0640418156352,0.0727523948588811,0.0682525467255033
2026-09-09,80.7200012207031,80.1032180786133,0.273972602739726,10.9956001656082,0.778236472471937,0.00273972602739726,-0.00580640637322063,0,0.123040943008188,-51.7299444003934,11.089304607537,0.0937044419288142,0.0209520470699331
2026-09-10,78.7399978637695,78.1383438110352,0.271232876712329,9.46976154737352,0.73426931631032,0.00273972602739726,-0.00582090490354996,0,-3.4619737822417,-48.2737915230553,9.54257287465087,0.0728113272773498,-0.0208931146514644
2026-09-11,78.4499969482422,77.8505554199219,0.268493150684932,9.2295092481358,0.727776774177693,0.00273972602739726,-0.00543200177472767,0,-0.509339910490953,-47.7698836143391,9.32420209890251,0.0946928507667124,0.0218815234893626
2026-09-14,77,76.4116439819336,0.26027397260274,8.11307860736551,0.69196034891838,0.00821917808219178,-0.0161277134517105,0,-2.75786474496708,-45.0281465828237,8.2528002838916,0.139721676526094,0.0450288257593812
2026-09-15,78.7200012207031,78.1184997558594,0.257534246575342,9.31314409390004,0.736593505060774,0.00273972602739726,-0.00506678602267609,0,3.51352210601306,-48.5467354748594,9.43790614268671,0.124762048786664,-0.0149596277394295
2026-09-16,77.6800003051758,77.0864486694336,0.254794520547945,8.53134077834514,0.710824260425998,0.00273972602739726,-0.00546271475549474,0,-2.00175493109357,-46.5504432585213,8.66638550829651,0.135044729951375,0.0102826811647105
2026-09-17,78.9199981689453,78.3169708251953,0.252054794520548,9.40368778238785,0.742699951065572,0.00273972602739726,-0.00523808224746304,0,2.5156294469091,-49.0713107876779,9.54256799049284,0.138880208104993,0.00383547815361851
2026-09-18,77.0899963378906,76.5009536743164,0.249315068493151,8.05713407640833,0.696009793188931,0.00273972602739726,-0.00552174252067137,0,-3.59934409972579,-45.4774884304728,8.17790397759795,0.120769901189618,-0.018110306915375
2026-09-21,74.5400009155273,73.9704360961914,0.241095890410959,6.28258410484741,0.622333898991711,0.00821917808219178,-0.0153537720089816,0,-5.49180122091313,-40.0010409815686,6.38772841903718,0.105144314189772,-0.0156255869998461
2026-09-22,75.4300003051758,74.8536376953125,0.238356164383562,6.81777346489772,0.649726039098037,0.00273972602739726,-0.00450111165390977,0,2.06618913657961,-42.0717312298021,6.93710409764343,0.119330632745708,0.0141863185559359
2026-09-23,75.129997253418,74.5559310913086,0.235616438356164,6.59315029007683,0.64079587373762,0.00273972602739726,-0.00473411579028352,0,-0.670923299000649,-41.4055420465918,6.73745018731722,0.144299897240387,0.0249692644946791
2026-09-24,73.9599990844727,73.3948669433594,0.232876712328767,5.83347125055212,0.603976184738218,0.00273972602739726,-0.00465915294375064,0,-2.72318416468639,-38.6870170348491,5.98306103543274,0.149589784880625,0.00528988764023808
2026-09-25,72.2300033569336,71.678092956543,0.23013698630137,4.80679577921394,0.54609667617573,0.00273972602739726,-0.00435325128940524,0,-4.18063709776614,-34.5107331883724,4.93383156501088,0.127035785796942,-0.0225539990836836
2026-09-28,71.9800033569336,71.4300003051758,0.221917808219178,4.5773257532318,0.536186280674456,0.00821917808219178,-0.0116512575237558,0,-0.713350301450293,-33.8090341444459,4.78565613844319,0.20833038521139,0.0812945994144485
2026-09-29,71.1800003051758,71.1800003051758,0.219178082191781,4.12841210940994,0.507262734525405,0.00273972602739726,-0.00380435693323877,0,-2.05877802371619,-31.7540604776629,4.35290112065972,0.224489011249776,0.0161586260383864
2026-09-30,70.25,70.25,0.216438356164384,3.64148915012489,0.472874812053711,0.00273972602739726,-0.00357312130303864,0,-2.41575155363649,-29.3418820453295,3.87757350144375,0.236084351318855,0.0115953400690785
2026-10-01,69.7300033569336,69.7300033569336,0.213698630136986,3.3701052268741,0.452903263150995,0.00273972602739726,-0.0033016912555534,0,-1.39261617202954,-27.9525675645555,3.62837849532961,0.258273268455504,0.0221889171366492
